district_code,avg_english_sat,avg_math_sat,avg_sat_total,avg_teacher_salary,expenditure_per_pupil,grad_rate,percent_enrolled_asian,percent_enrolled_black,percent_enrolled_female,percent_enrolled_latino,percent_enrolled_male,percent_enrolled_multiracial,percent_enrolled_other,percent_enrolled_white,state,student_total
010010010260000,467.7,445.8,913.5,40301.0,10838.08,92.9,0.0,0.0,44.42,0.0,55.58,4.6,0.0,94.6,IL,467.17
010010020260000,474.2,475.7,949.9,45070.0,14616.82,96.2,0.0,0.0,51.74,0.0,48.26,3.7,0.0,95.8,IL,596.69
010010030260000,474.9,468.6,943.5,50473.0,11743.41,83.6,0.0,0.0,46.94,0.0,53.06,2.0,0.0,96.5,IL,806.5
010010040260000,457.3,423.3,880.6,40921.0,9690.0,90.5,0.0,0.0,48.19,2.6,51.81,0.0,0.0,95.6,IL,660.65
010011720220000,472.8,440.9,913.7,47065.0,11650.49,83.1,0.8,8.0,48.24,3.7,51.76,10.6,0.0,76.5,IL,6308.73
010050010260000,501.5,479.4,980.9,48011.0,12921.98,68.3,0.0,0.0,48.53,3.0,51.47,1.5,0.0,93.9,IL,700.75
010090150260000,437.9,421.8,859.7,48529.0,11112.78,80.0,1.4,12.2,46.78,48.2,53.22,7.8,0.8,28.9,IL,1450.67
010090640260000,466.7,453.3,920.0,53015.0,11637.85,61.5,0.0,0.0,51.4,3.2,48.6,3.8,0.0,90.4,IL,318.0
010092620260000,512.5,477.9,990.4,41328.0,14505.3,91.2,0.0,0.0,48.84,0.0,51.16,0.0,0.0,95.5,IL,361.75
010690010260000,441.7,425.0,866.7,47876.0,14065.83,90.0,0.0,0.0,49.82,0.0,50.18,0.0,0.0,96.6,IL,298.5
010690060260000,503.9,518.9,1022.8,48178.0,15475.92,93.1,0.0,0.0,45.2,0.0,54.8,3.1,0.0,92.3,IL,343.5
010690110260000,469.0,419.0,888.0,42509.0,19693.4,61.5,0.0,0.0,47.78,0.0,52.22,6.2,0.0,93.8,IL,185.0
010690270260000,516.8,503.2,1020.0,41804.0,9356.78,83.3,0.0,0.0,45.71,2.9,54.29,0.0,0.0,94.7,IL,374.0
010691170220000,466.1,446.0,912.1,52902.0,13477.06,73.3,1.0,10.5,48.26,4.2,51.74,9.4,0.4,74.6,IL,3227.145
010750030260000,431.9,411.9,843.8,47406.0,13909.25,93.3,0.0,0.0,46.54,0.0,53.46,0.0,0.0,96.5,IL,347.5
010750040260000,470.7,447.9,918.5999999999999,44259.0,17423.7,82.6,0.0,0.0,47.94,0.0,52.06,0.0,0.0,98.4,IL,311.9
010750100260000,491.3,463.6,954.9000000000001,44478.0,9420.49,96.2,0.0,0.0,47.59,2.5,52.41,1.1,0.0,95.9,IL,1119.3
010750120260000,467.2,451.6,918.8,45182.0,12915.21,78.3,0.0,0.0,49.91,2.5,50.09,0.0,0.0,96.0,IL,502.8
010860010260000,480.0,457.0,937.0,45401.0,11682.17,94.6,0.0,0.0,50.87,0.0,49.13,0.0,0.0,97.6,IL,570.75
010860020260000,435.0,404.2,839.2,42339.0,10064.79,100.0,0.0,0.0,42.25,0.0,57.75,0.0,0.0,95.6,IL,194.5
030030010260000,437.4,439.1,876.5,48606.0,11998.44,87.5,0.0,0.0,52.26,0.0,47.74,4.2,0.0,93.1,IL,376.0
030030020260000,480.5,460.2,940.7,60525.0,12527.02,90.9,0.7,2.0,46.94,2.7,53.06,6.5,0.0,87.9,IL,1666.095
030110010260000,444.5,426.8,871.3,51036.0,12790.13,93.8,0.0,0.0,47.91,0.0,52.09,0.0,0.0,95.3,IL,291.5
030110030260000,479.4,452.6,932.0,56015.0,11881.12,84.4,0.7,1.0,49.43,2.2,50.57,4.2,0.0,91.9,IL,2183.235
030110040260000,448.9,398.1,847.0,46209.0,13972.16,78.9,0.0,0.0,45.49,0.0,54.51,4.9,0.0,93.8,IL,250.0
030110080260000,459.3,440.7,900.0,52179.0,13920.91,86.5,0.0,0.0,50.51,1.4,49.49,1.5,0.0,96.0,IL,1139.3
030110140240000,415.5,384.0,799.5,43369.0,11048.78,76.7,0.0,0.0,51.16,5.9,48.84,4.9,0.0,89.3,IL,302.0
030250100260000,474.2,462.0,936.2,50095.0,9891.84,91.2,0.0,0.0,49.4,1.9,50.6,1.5,0.0,95.5,IL,686.5
030250200260000,466.7,474.2,940.9,54568.0,12792.49,89.3,0.0,0.0,49.58,0.0,50.42,0.0,0.0,94.5,IL,336.0
030250300260000,491.1,483.9,975.0,49834.0,9411.57,93.5,0.0,0.0,47.78,0.0,52.22,1.9,0.0,96.1,IL,574.5
030250400260000,496.0,479.8,975.8,56643.0,9358.19,87.4,0.9,2.2,47.1,6.1,52.9,2.3,0.0,88.2,IL,2373.655
030250500260000,496.8,495.3,992.1,58391.0,8556.46,98.8,0.0,0.0,49.12,0.0,50.88,1.0,0.0,97.7,IL,1078.0
030262010260000,442.6,441.7,884.3,47473.0,8907.58,95.2,0.0,0.0,47.1,0.0,52.9,0.0,0.0,96.9,IL,328.0
030262020260000,454.4,442.3,896.7,52570.0,12064.04,81.5,0.0,0.0,50.0,0.0,50.0,0.0,0.0,97.1,IL,408.0
030262030260000,477.7,460.5,938.2,61367.0,19223.7,83.0,0.0,0.0,47.64,1.6,52.36,4.6,0.0,93.5,IL,1345.0
030262040260000,447.7,439.4,887.0999999999999,48477.0,12533.76,91.4,0.0,0.0,48.18,0.0,51.82,0.0,0.0,96.4,IL,424.0
030680020260000,483.4,457.8,941.2,53810.0,12461.07,97.1,0.0,0.0,51.69,3.8,48.31,0.0,0.0,93.0,IL,458.695
030680030260000,469.2,431.8,901.0,56325.0,36333.52,81.1,0.0,1.0,49.69,3.3,50.31,2.6,0.0,93.0,IL,1610.37
030680120260000,488.4,459.9,948.3,64918.0,13109.87,90.9,1.1,1.1,47.04,2.5,52.96,2.4,0.0,92.8,IL,1264.0
030680220260000,470.4,449.0,919.4,49784.0,14258.66,94.9,0.0,0.0,47.48,2.4,52.52,2.4,0.0,95.1,IL,599.9
040041000260000,460.3,435.1,895.4000000000001,65137.0,14072.93,80.0,0.7,3.0,47.72,42.1,52.28,3.6,0.3,50.3,IL,7387.25
040042000260000,456.0,446.4,902.4,61679.0,13776.02,89.2,0.0,1.0,47.35,28.5,52.65,7.4,0.0,62.5,IL,1525.8
041011220220000,462.4,443.4,905.8,67530.0,15040.17,81.4,1.4,6.7,47.35,14.9,52.65,8.2,0.4,68.4,IL,6276.77
041012050250000,441.9,421.6,863.5,63718.0,14376.98,65.6,4.0,31.3,48.82,30.3,51.18,7.5,0.30000000000000004,26.7,IL,27560.5
041012070160000,539.7,519.2,1058.9,81438.0,14398.38,87.9,2.9,1.9,49.6,11.0,50.4,4.2,0.0,79.8,IL,1917.245
041013200260000,462.1,452.8,914.9000000000001,52814.0,13768.63,85.3,0.0,5.0,48.28,27.7,51.72,7.8,0.0,58.8,IL,900.01
041013210260000,541.8,511.6,1053.4,49448.0,13970.5,85.2,0.0,1.3,48.38,4.7,51.62,4.0,0.0,89.1,IL,885.05
041013220260000,497.3,456.6,953.9000000000001,52545.0,16822.68,80.0,0.0,0.0,47.24,7.7,52.76,4.8,0.0,86.8,IL,524.02
041013230260000,507.1,485.9,993.0,61182.0,17530.38,91.0,0.0,2.7,49.38,8.0,50.62,5.3,0.0,83.0,IL,1263.27
050162020170000,530.1,509.7,1039.8,109481.0,24031.75,94.2,5.4,24.7,47.67,20.0,52.33,4.2,0.3,45.1,IL,3737.0
050162030170000,595.2,586.7,1181.9,128969.0,29146.89,98.5,9.8,0.6,47.45,7.7,52.55,5.1,0.0,76.6,IL,3876.45
050162070170000,511.8,505.8,1017.6,121231.0,24939.87,94.0,14.1,2.7,47.99,25.7,52.01,2.5,0.2,54.7,IL,6261.65
050162110170000,521.7,529.7,1051.4,111655.0,20993.22,93.3,21.6,5.8,48.71,27.0,51.29,3.3,0.30000000000000004,42.0,IL,12096.49
050162140170000,518.9,512.6,1031.5,115519.0,22328.19,94.0,8.2,2.2,48.63,34.5,51.37,3.0,0.1,51.9,IL,12029.06
050162190170000,509.2,504.0,1013.2,121362.0,29092.06,92.2,33.1,7.4,47.29,15.7,52.71,4.4,0.0,39.0,IL,4589.56
050162250170000,574.7,571.3,1146.0,117798.0,25757.08,95.6,19.4,1.2,49.06,10.9,50.94,4.7,0.0,63.8,IL,5132.0
060162000130000,552.5,534.2,1086.7,107788.0,22889.39,93.7,4.1,18.3,47.45,13.5,52.55,8.7,0.0,55.2,IL,3375.76
060162010170000,437.9,422.8,860.7,82626.0,14980.1,82.5,0.6,3.3,48.05,90.5,51.95,0.4,0.7,4.5,IL,8091.0
060162040170000,536.1,538.8,1074.9,117086.0,20027.73,95.1,2.3,3.2,49.18,23.8,50.82,2.9,0.0,67.6,IL,3956.0
060162080170000,533.2,530.9,1064.1,101713.0,17123.61,95.5,2.0,5.4,48.14,39.3,51.86,3.1,0.0,49.9,IL,1647.5
060162090170000,435.1,418.8,853.9000000000001,75174.0,17021.14,80.1,0.7,34.5,48.57,61.1,51.43,1.2,0.0,2.4,IL,4706.66
060162120160000,457.4,447.6,905.0,104520.0,25858.69,82.2,2.7,1.3,47.78,70.8,52.22,0.7,0.3,24.0,IL,3439.0
060162340160000,486.6,470.7,957.3,95172.0,21252.09,97.1,9.7,0.0,49.14,26.8,50.86,1.8,0.0,61.4,IL,838.38
060164010260000,469.1,467.3,936.4000000000001,78660.0,14387.47,88.0,2.4,1.8,48.37,60.2,51.63,1.3,0.0,33.9,IL,2804.325
070162050170000,416.5,400.8,817.3,89004.0,23822.48,75.6,0.6,80.9,48.58,16.1,51.42,1.8,0.0,0.5,IL,4768.0
070162060170000,430.8,404.7,835.5,81100.0,17427.64,85.1,0.0,44.7,47.13,43.2,52.87,4.8,0.3,6.7,IL,2933.5
070162100170000,530.0,529.4,1059.4,86953.0,18628.64,93.7,4.8,1.0,48.04,11.5,51.96,3.1,0.0,79.6,IL,1362.5
070162150170000,438.6,413.5,852.1,102273.0,19773.05,86.5,0.6,64.5,50.03,25.2,49.97,2.5,0.0,6.8,IL,3352.0
070162170160000,450.3,455.8,906.1,113202.0,21321.23,88.8,1.6,10.0,47.56,54.6,52.44,2.7,0.0,31.0,IL,1929.5
070162180160000,449.5,443.4,892.9,101223.0,22133.31,82.4,1.3,24.5,47.42,42.2,52.58,2.6,0.0,29.3,IL,5408.25
070162200170000,458.7,448.3,907.0,105420.0,17829.0,88.9,1.6,1.8,47.73,61.1,52.27,2.3,0.0,33.3,IL,2001.0
070162270170000,418.5,397.5,816.0,87319.0,26906.11,83.3,0.4,84.2,47.73,9.7,52.27,4.4,0.0,1.3,IL,2653.0
070162280160000,447.1,433.0,880.1,98549.0,19785.3,86.2,2.3,36.1,48.18,31.1,51.82,4.1,0.0,26.2,IL,5155.48
070162290160000,461.6,459.1,920.7,96733.0,17038.31,92.1,2.0,5.8,46.1,38.9,53.9,0.8,0.0,52.0,IL,1854.75
070162300130000,508.7,500.2,1008.9,93669.0,18252.05,93.5,4.8,4.7,47.89,15.5,52.11,2.3,0.4,72.2,IL,7927.0
070162310160000,480.3,466.9,947.2,81707.0,19201.0,92.9,0.0,31.0,48.34,31.0,51.66,2.6,0.0,34.8,IL,939.5
070162330160000,475.5,463.6,939.1,94926.0,20111.54,93.6,0.7,71.5,47.98,8.4,52.02,4.8,0.0,14.6,IL,2768.5
070169010250000,493.5,463.6,957.1,65981.0,20488.21,99.1,0.0,88.3,55.29,4.9,44.71,4.5,0.0,1.9,IL,576.0
080083080260000,496.9,485.1,982.0,60229.0,13590.36,100.0,0.0,0.0,48.46,5.2,51.54,4.4,0.0,89.8,IL,703.47
080083140260000,481.0,456.2,937.2,52347.0,14105.98,85.7,0.0,0.0,49.72,10.0,50.28,3.3,0.0,85.3,IL,872.75
080083990260000,503.7,467.3,971.0,53777.0,13777.25,97.1,0.0,0.0,49.02,3.9,50.98,3.4,0.0,92.4,IL,403.565
080431190220000,482.6,463.0,945.6,44105.0,11392.74,84.2,0.0,1.6,45.68,4.4,54.32,5.4,0.0,88.0,IL,633.5
080431200220000,494.3,493.3,987.6,64483.0,15503.68,82.4,1.6,2.1,50.0,14.9,50.0,0.0,0.0,80.9,IL,848.0
080432050260000,467.9,483.0,950.9,51594.0,15301.84,84.2,0.0,0.0,48.36,4.4,51.64,0.0,0.0,93.2,IL,376.37
080432060260000,482.1,473.1,955.2,61864.0,13823.28,91.3,0.0,0.0,46.9,5.6,53.1,4.7,0.0,88.5,IL,517.505
080432100260000,476.9,473.9,950.8,76210.0,20445.98,97.4,0.0,0.0,52.83,7.9,47.17,4.1,0.0,86.2,IL,431.02
080432110260000,481.9,490.6,972.5,69430.0,19116.19,86.4,0.0,0.0,52.53,0.0,47.47,5.6,0.0,93.3,IL,269.0
080891450220000,443.0,413.0,856.0,61414.0,17733.75,76.4,1.0,25.6,49.16,13.4,50.84,15.0,0.0,44.8,IL,3490.75
080892000260000,497.9,469.0,966.9,50061.0,14027.05,83.3,0.0,0.0,48.82,8.4,51.18,0.0,0.0,88.0,IL,423.0
080892010260000,504.3,485.1,989.4000000000001,56589.0,12046.3,93.2,0.0,0.0,48.94,3.2,51.06,2.6,0.0,92.7,IL,774.145
080892020260000,524.0,494.4,1018.4,51922.0,11439.1,87.1,0.0,1.5,48.77,5.1,51.23,2.9,0.0,90.0,IL,801.0
080892030260000,497.1,476.8,973.9000000000001,51085.0,14145.6,91.7,0.0,0.0,45.94,0.0,54.06,0.0,0.0,94.2,IL,299.5
090100010260000,483.5,481.2,964.7,48029.0,11210.85,100.0,0.0,0.0,47.31,0.0,52.69,2.8,0.0,93.9,IL,580.125
090100030260000,532.9,549.5,1082.4,55505.0,10202.71,90.6,2.1,1.7,48.47,4.9,51.53,5.2,0.0,85.9,IL,3322.5
090100040260000,484.3,479.7,964.0,59457.0,13576.44,78.2,8.3,36.9,49.4,14.3,50.6,8.3,0.1,32.0,IL,10283.0
090100070260000,501.7,489.4,991.0999999999999,49452.0,14712.59,90.8,0.7,1.2,51.34,1.7,48.66,4.9,0.0,91.3,IL,1537.285
090100080260000,483.9,462.9,946.8,52150.0,15534.8,83.3,0.0,0.0,45.25,3.5,54.75,7.3,0.0,87.6,IL,389.5
090101160220000,464.1,434.7,898.8,58694.0,16493.44,80.5,3.9,39.6,47.9,17.2,52.1,10.0,1.3,27.9,IL,4134.175
090101930170000,423.9,403.5,827.4,50240.0,15176.75,82.6,0.0,23.7,49.53,28.2,50.47,10.0,0.0,37.1,IL,789.5
090103050160000,515.3,523.8,1039.1,48563.0,11442.4,96.2,0.0,0.0,46.87,3.0,53.13,0.0,0.0,94.0,IL,441.5
090270050260000,499.3,488.3,987.6,54789.0,14584.75,96.5,0.0,0.0,45.35,4.9,54.65,5.3,0.0,88.3,IL,921.915
090270100260000,469.3,461.6,930.9000000000001,47614.0,12731.83,85.7,0.0,1.3,46.68,8.9,53.32,5.2,0.0,83.9,IL,1277.62
11012002C260000,509.3,468.7,978.0,50037.0,10037.87,76.5,0.0,0.0,46.84,1.6,53.16,3.5,0.0,94.0,IL,1205.455
11012003C260000,469.3,455.3,924.6,45581.0,13164.18,76.0,0.0,0.0,53.17,0.0,46.83,0.0,0.0,95.1,IL,359.65
11012004C260000,487.2,473.3,960.5,49222.0,10660.3,80.3,0.0,1.3,48.16,1.8,51.84,0.0,0.0,95.6,IL,850.185
110150010260000,497.9,463.8,961.7,46507.0,10955.55,75.2,1.1,6.2,47.56,5.0,52.44,6.0,0.0,81.5,IL,2606.85
110150020260000,458.1,431.7,889.8,59055.0,13877.24,86.4,0.4,4.6,49.06,5.5,50.94,7.5,0.0,81.8,IL,3048.11
110150050260000,442.0,424.0,866.0,50765.0,15533.41,76.2,0.0,0.0,48.41,0.0,51.59,0.0,0.0,98.1,IL,248.25
110180030260000,457.4,433.2,890.5999999999999,49447.0,11665.31,93.4,0.0,0.0,51.9,2.7,48.1,2.9,0.0,92.5,IL,515.75
110180770260000,479.2,455.9,935.0999999999999,60378.0,10346.11,92.9,0.0,0.0,46.29,0.0,53.71,2.4,0.0,96.4,IL,996.7
110213010260000,485.7,467.8,953.5,59088.0,10678.51,97.2,0.0,1.4,49.74,3.9,50.26,2.9,0.0,91.0,IL,960.33
110213020260000,457.8,441.9,899.7,42597.0,9826.03,89.4,0.0,0.0,47.25,5.3,52.75,2.6,0.0,91.5,IL,624.95
110213050260000,493.3,466.7,960.0,48922.0,12256.56,89.2,0.0,0.0,47.32,6.4,52.68,2.2,0.0,90.2,IL,1048.5
110213060260000,475.6,458.1,933.7,50539.0,13384.76,91.9,0.0,0.0,48.49,43.9,51.51,0.0,0.0,52.9,IL,695.89
110230010260000,441.0,418.7,859.7,53376.0,15117.54,83.3,0.0,0.0,48.79,2.8,51.21,4.2,0.0,92.9,IL,365.66
110230030260000,439.1,429.1,868.2,46650.0,15169.33,93.3,0.0,0.0,42.7,0.0,57.3,0.0,0.0,95.4,IL,180.0
110230060260000,467.7,439.2,906.9,44749.0,12696.52,89.3,0.0,0.0,54.24,0.0,45.76,3.3,0.0,92.7,IL,302.0
110703000260000,482.0,444.9,926.9,46549.0,10031.16,91.4,0.0,1.5,50.04,2.0,49.96,3.0,0.0,92.6,IL,1159.0
110703020260000,451.8,441.8,893.6,46136.0,13671.57,100.0,0.0,0.0,47.08,0.0,52.92,0.0,0.0,96.7,IL,466.45
110870010260000,466.7,446.0,912.7,45848.0,11874.79,88.9,0.0,0.0,44.97,0.0,55.03,2.9,0.0,94.7,IL,329.75
11087003A260000,441.5,418.5,860.0,45432.0,11536.79,95.2,0.0,0.0,42.98,0.0,57.02,0.0,0.0,97.7,IL,342.0
110870040260000,484.6,474.5,959.1,55953.0,10383.35,95.5,1.0,0.0,48.44,1.6,51.56,1.3,0.0,95.6,IL,1206.435
11087005A260000,462.2,474.1,936.3,44303.0,9997.36,81.6,0.0,0.0,46.12,0.0,53.88,0.0,0.0,96.8,IL,387.5
110870210260000,469.1,425.4,894.5,54901.0,14871.53,86.9,0.0,0.0,48.58,0.0,51.42,2.6,0.0,96.1,IL,688.19
120130100260000,470.0,433.8,903.8,44029.0,13605.72,75.0,0.0,0.0,50.19,0.0,49.81,0.0,0.0,98.0,IL,257.81
120130250260000,431.5,416.7,848.2,44856.0,11378.9,72.1,0.0,0.0,51.93,2.1,48.07,1.7,0.0,95.8,IL,567.0
120130350260000,458.9,414.9,873.8,56492.0,11426.33,77.9,1.0,0.9,48.33,2.2,51.67,2.0,0.0,93.6,IL,1267.0
120170010260000,491.8,425.5,917.3,47124.0,14575.78,86.7,0.0,0.0,51.01,0.0,48.99,5.1,0.0,93.3,IL,305.735
120170020260000,469.1,453.6,922.7,50357.0,11739.66,89.7,0.0,0.9,49.11,3.4,50.89,4.1,0.0,90.8,IL,1512.5
120170030260000,487.5,466.9,954.4,43918.0,13326.65,84.2,0.0,0.0,50.45,0.0,49.55,0.0,0.0,97.4,IL,295.165
120170040260000,474.5,458.7,933.2,45725.0,11108.32,75.0,0.0,0.0,45.27,0.0,54.73,0.0,0.0,96.7,IL,558.375
120400010260000,486.0,479.8,965.8,53128.0,12504.09,84.0,0.0,0.0,46.66,2.2,53.34,0.9,0.0,96.2,IL,1168.58
120510100260000,479.8,435.3,915.1,48115.0,11112.38,81.4,0.0,0.0,49.03,1.3,50.97,1.8,0.0,96.5,IL,931.22
120510200260000,461.2,424.0,885.2,44716.0,12212.16,78.4,0.0,1.6,46.87,3.6,53.13,4.0,0.0,90.7,IL,1101.3
120800010260000,471.5,452.8,924.3,62120.0,11535.75,80.4,0.7,1.0,47.76,3.5,52.24,3.7,0.0,91.0,IL,2136.67
130140010260000,478.4,449.9,928.3,55148.0,11968.9,65.0,0.0,1.7,46.88,1.4,53.12,4.5,0.0,90.9,IL,975.25
130140030260000,480.5,475.3,955.8,67753.0,10587.48,83.2,0.8,1.2,48.92,7.6,51.08,4.2,0.0,85.7,IL,1298.75
130140710160000,512.1,529.0,1041.1,66364.0,20142.03,91.6,0.0,0.0,47.26,3.6,52.74,0.0,0.0,96.1,IL,603.0
130410010260000,459.6,430.4,890.0,49067.0,13960.38,88.2,0.0,0.0,46.03,0.0,53.97,0.0,0.0,97.9,IL,297.75
130412010170000,453.4,425.5,878.9,54873.0,13655.8,84.3,1.2,12.0,50.66,4.4,49.34,8.7,0.0,73.7,IL,1183.895
130412090270000,480.0,460.0,940.0,59651.0,12850.18,83.3,0.0,0.0,50.92,0.0,49.08,4.7,0.0,93.9,IL,490.75
130413180270000,473.1,468.6,941.7,48211.0,13784.65,90.0,0.0,0.0,48.81,0.0,51.19,0.0,0.0,97.6,IL,358.0
130581000260000,431.9,413.8,845.7,51708.0,16307.03,75.0,0.0,0.0,50.21,0.0,49.79,0.0,0.0,97.7,IL,222.5
130582000170000,464.9,446.3,911.2,57078.0,17854.85,65.2,0.0,7.7,51.33,7.1,48.67,9.8,0.0,74.7,IL,830.5
130584010260000,438.4,414.1,852.5,44047.0,12886.47,88.7,0.0,0.0,48.17,0.0,51.83,0.0,0.0,98.0,IL,623.48
130585010260000,420.3,384.7,805.0,43710.0,12843.75,83.3,0.0,0.0,46.19,2.7,53.81,6.8,0.0,89.8,IL,407.75
130586000160000,471.2,465.0,936.2,60506.0,24985.31,88.3,0.0,0.0,46.58,0.0,53.42,4.5,0.0,92.8,IL,686.36
130587220260000,474.6,433.1,907.7,47428.0,12898.89,82.4,0.0,4.2,51.19,0.0,48.81,5.5,0.0,89.0,IL,235.05
130950100260000,521.6,484.9,1006.5,45293.0,10880.19,91.1,0.0,0.0,55.2,2.4,44.8,0.0,0.0,95.7,IL,512.85
130950990160000,490.9,469.5,960.4,73927.0,13909.48,91.6,0.0,0.0,47.2,2.5,52.8,3.2,0.0,92.8,IL,434.0
150162990250000,463.8,448.8,912.6,86437.0,17107.04,83.2,4.4,35.9,49.35,46.7,50.65,1.7,0.4,10.9,IL,327189.0
150169000250000,501.1,498.1,999.2,55834.0,13417.2,93.0,0.0,6.3,48.38,83.9,51.62,3.7,0.0,4.8,IL,860.0
150169020250000,415.7,392.6,808.3,70785.0,25178.49,46.2,0.0,73.8,40.71,22.2,59.29,0.0,0.0,0.0,IL,124.0
150169050250000,453.8,444.3,898.1,70228.0,19729.91,,2.6,49.9,51.83,22.8,48.17,14.2,3.2,7.0,IL,547.5
160194240260000,466.5,455.0,921.5,61895.0,13092.99,94.8,1.1,1.6,46.11,20.7,53.89,1.1,0.0,75.5,IL,1482.25
160194250260000,471.8,454.3,926.1,57720.0,15674.02,89.6,0.0,1.9,48.95,11.6,51.05,3.4,0.0,82.9,IL,685.6
160194260260000,455.2,456.3,911.5,45060.0,14399.07,83.7,0.0,0.0,50.24,13.7,49.76,4.3,0.0,80.5,IL,421.0
160194270260000,512.0,497.8,1009.8,66676.0,15382.5,92.2,1.7,3.2,49.47,10.6,50.53,3.9,0.3,80.3,IL,3561.88
160194280260000,463.8,441.5,905.3,66302.0,15086.14,73.5,1.2,27.1,48.71,29.3,51.29,6.3,0.3,35.7,IL,6698.155
160194290260000,484.5,461.4,945.9,53140.0,15359.28,83.1,0.0,0.0,48.42,11.9,51.58,2.4,0.0,83.9,IL,702.0
160194300260000,474.3,443.0,917.3,68849.0,15124.86,88.5,1.0,0.0,45.33,20.2,54.67,3.2,0.0,75.0,IL,1848.5
160194320260000,486.7,475.2,961.9,55965.0,15010.32,87.7,1.3,1.6,48.93,9.2,51.07,1.3,0.0,86.5,IL,734.75
170200150260000,446.8,417.5,864.3,56978.0,15308.3,80.4,0.0,1.4,47.15,7.3,52.85,4.5,0.0,85.9,IL,1683.33
170200180260000,488.9,459.1,948.0,53070.0,16260.66,87.9,0.0,0.0,49.85,2.0,50.15,4.5,0.0,91.9,IL,649.74
170530050260000,453.2,441.6,894.8,53774.0,22745.5,90.0,0.0,0.0,48.76,5.0,51.24,2.5,0.0,90.7,IL,437.5
17053006J260000,442.3,415.2,857.5,57220.0,21435.91,71.9,0.0,0.0,45.57,9.4,54.43,4.1,0.0,85.4,IL,375.45
170530080260000,482.5,463.1,945.6,61852.0,13216.42,85.8,0.6,1.0,46.96,8.4,53.04,2.6,0.0,87.2,IL,1666.005
170530740270000,462.1,424.6,886.7,52593.0,14630.29,88.1,0.0,3.2,44.26,4.5,55.74,0.0,0.0,89.5,IL,313.5
170530900170000,467.5,451.8,919.3,73980.0,15069.0,85.3,0.0,2.1,46.46,9.1,53.54,5.5,0.0,83.0,IL,681.25
170532300170000,455.5,433.3,888.8,56188.0,22600.57,92.2,0.0,0.0,46.05,7.3,53.95,0.0,0.0,87.3,IL,223.0
170540210260000,467.9,456.3,924.2,41074.0,14837.67,88.2,0.0,0.0,49.2,0.0,50.8,0.0,0.0,97.3,IL,182.335
170540230260000,473.9,440.3,914.2,58975.0,14031.35,88.2,0.0,0.0,47.29,0.0,52.71,2.0,0.0,95.2,IL,516.0
170544040160000,480.2,455.6,935.8,58976.0,13914.15,91.9,0.0,2.5,49.87,4.5,50.13,4.3,0.0,88.2,IL,813.16
170640020260000,496.7,499.1,995.8,54178.0,11121.49,98.0,0.0,1.5,47.04,1.3,52.96,3.5,0.0,93.7,IL,770.0
170640030260000,522.6,510.6,1033.2,59809.0,17482.04,97.3,0.0,1.3,50.14,2.5,49.86,2.8,0.0,92.6,IL,1094.0
170640040260000,511.3,482.7,994.0,65190.0,12376.48,100.0,0.0,0.0,50.67,4.9,49.33,3.9,0.0,90.4,IL,869.075
170640050260000,506.8,486.1,992.9000000000001,63596.0,12363.46,89.1,9.1,14.6,48.67,9.1,51.33,6.4,0.3,60.4,IL,12302.695
170640070260000,480.6,457.1,937.7,51525.0,12664.62,100.0,0.0,0.0,49.49,0.0,50.51,3.9,0.0,94.1,IL,481.715
170640160260000,481.2,470.8,952.0,53025.0,14615.96,89.0,0.0,0.7,49.63,2.9,50.37,3.6,0.0,92.3,IL,1688.83
170640190260000,474.2,461.1,935.3,58008.0,18035.05,82.6,0.0,0.0,48.5,4.3,51.5,5.1,0.0,89.8,IL,524.6
170640870250000,463.2,428.6,891.8,64310.0,13529.48,80.1,2.7,25.3,49.51,15.9,50.49,11.6,0.4,44.1,IL,4999.715
190220860170000,571.0,571.0,1142.0,114133.0,27478.34,91.4,17.7,6.8,49.1,10.9,50.9,2.0,0.0,62.3,IL,3884.85
190220870170000,509.0,500.1,1009.1,112497.0,18913.29,92.7,16.4,6.4,48.12,27.9,51.88,3.4,0.2,45.5,IL,7828.37
190220880160000,460.7,448.5,909.2,107680.0,19144.86,89.5,6.9,5.3,49.02,48.5,50.98,2.5,0.6,36.1,IL,3903.6
190220940160000,457.5,452.8,910.3,68951.0,17140.85,89.6,3.6,2.6,46.68,69.7,53.32,2.9,0.0,21.0,IL,2036.0
190220990160000,518.5,529.7,1048.2,110834.0,19839.65,93.8,6.5,7.7,48.48,18.0,51.52,3.3,2.2,62.0,IL,4844.0
190221000160000,464.6,453.3,917.9000000000001,109110.0,21989.47,89.8,2.2,2.6,46.89,64.3,53.11,2.7,0.0,27.9,IL,1438.5
190221080160000,508.0,499.0,1007.0,103109.0,19644.95,95.1,9.9,5.3,47.33,21.3,52.67,2.5,0.0,60.7,IL,2537.5
190222000260000,528.7,518.2,1046.9,77232.0,17047.63,95.3,8.5,6.3,47.91,17.4,52.09,4.6,0.30000000000000004,62.9,IL,11181.43
190222010260000,530.9,507.4,1038.3,96907.0,27690.25,96.9,5.4,8.9,47.02,23.8,52.98,3.9,0.0,58.0,IL,1316.63
190222020260000,506.4,500.9,1007.3,84658.0,21691.77,93.8,4.2,8.6,45.16,21.3,54.84,7.0,0.0,58.5,IL,1464.25
190222030260000,567.1,564.7,1131.8000000000002,84134.0,17511.99,96.9,18.0,4.6,47.87,11.6,52.13,5.7,0.2,59.9,IL,16016.69
190222040260000,558.7,562.9,1121.6,78222.0,14211.75,94.8,36.2,9.2,49.05,12.8,50.95,5.7,0.4,35.8,IL,25592.42
190222050260000,539.7,536.7,1076.4,90249.0,16692.62,92.2,6.5,1.8,48.02,18.3,51.98,4.4,0.2,68.9,IL,7947.0
200240010260000,484.1,474.7,958.8,55082.0,11571.88,69.9,0.0,0.0,51.38,0.0,48.62,3.0,0.0,95.6,IL,806.795
200300070260000,469.8,426.6,896.4000000000001,47575.0,12752.42,83.3,0.0,0.0,49.15,0.0,50.85,2.4,0.0,95.8,IL,725.15
200330100260000,484.1,452.9,937.0,49240.0,11238.84,90.7,0.0,0.0,48.59,1.8,51.41,2.1,0.0,95.4,IL,1146.1
200350010260000,468.7,410.3,879.0,47945.0,11506.19,82.9,0.0,0.0,49.81,0.0,50.19,7.8,0.0,91.6,IL,508.59
200760010260000,442.0,393.7,835.7,52363.0,10587.74,89.1,0.0,0.0,49.79,0.0,50.21,3.0,0.0,94.6,IL,490.715
200830010260000,471.8,443.1,914.9000000000001,45759.0,10454.98,75.8,0.0,0.0,48.46,0.0,51.54,0.0,0.0,96.1,IL,395.13
200830020260000,410.4,391.7,802.0999999999999,48019.0,10103.58,91.9,0.0,11.8,51.23,0.0,48.77,9.6,0.0,78.1,IL,469.0
200830030260000,466.7,413.7,880.4,56391.0,15092.86,75.2,0.6,3.8,47.94,2.4,52.06,8.8,0.0,84.3,IL,1767.25
200830040260000,447.3,412.2,859.5,47084.0,13622.22,91.8,0.0,0.0,45.78,0.0,54.22,4.7,0.0,93.5,IL,1099.5
200933480260000,457.3,441.8,899.1,58024.0,11667.14,85.1,0.9,0.9,47.92,0.9,52.08,2.5,0.0,94.1,IL,1303.25
200961000260000,440.9,436.1,877.0,56303.0,11992.37,83.3,0.0,0.0,47.18,0.0,52.82,0.0,0.0,97.2,IL,484.75
200962000260000,451.9,424.8,876.7,47938.0,20892.23,70.8,0.0,0.0,44.09,0.0,55.91,0.0,0.0,98.7,IL,384.5
200962250160000,476.7,451.1,927.8,59731.0,11990.64,77.4,0.0,0.0,48.33,0.0,51.67,0.0,0.0,95.0,IL,431.75
200970010260000,465.5,433.5,899.0,45922.0,12944.66,73.7,0.0,0.0,54.21,0.0,45.79,3.9,0.0,95.3,IL,263.0
200970030260000,456.9,417.8,874.7,44341.0,11527.99,97.4,0.0,0.0,47.64,1.6,52.36,2.3,0.0,95.9,IL,697.5
200970050260000,472.3,455.3,927.6,57143.0,11572.74,84.6,0.0,0.0,49.44,1.4,50.56,3.6,0.0,93.5,IL,1305.23
210280990260000,451.2,427.5,878.7,56477.0,14248.22,83.3,0.0,0.0,48.64,0.0,51.36,3.7,0.0,95.0,IL,683.75
210281030130000,459.9,430.3,890.2,67412.0,14990.4,80.5,0.0,0.0,44.71,3.5,55.29,6.0,0.0,89.1,IL,565.955
210281680260000,467.1,441.9,909.0,66721.0,14276.26,65.4,0.0,0.9,47.01,2.4,52.99,2.5,0.0,93.8,IL,1461.575
210281740260000,449.6,417.0,866.6,46751.0,11270.26,92.6,0.0,0.0,49.06,0.0,50.94,0.0,0.0,100.0,IL,296.0
210281880260000,440.0,421.9,861.9,54617.0,14332.57,67.3,0.0,0.0,44.47,2.4,55.53,3.0,0.0,92.9,IL,507.26
210281960260000,470.2,457.0,927.2,51887.0,11435.58,89.4,0.0,0.0,46.8,3.5,53.2,2.9,0.0,92.8,IL,592.0
210440010260000,470.6,454.6,925.2,61118.0,11371.05,97.3,0.0,0.0,48.24,0.0,51.76,1.9,0.0,97.3,IL,623.2
210441330170000,460.8,428.9,889.7,56356.0,18009.1,88.9,0.0,0.0,50.31,3.8,49.69,0.0,0.0,91.1,IL,315.07
210610010260000,489.3,474.4,963.7,58969.0,12998.26,69.0,0.0,7.4,48.86,3.1,51.14,9.2,0.0,79.6,IL,1826.5
210610380260000,526.7,517.8,1044.5,48218.0,15165.83,73.3,0.0,0.0,47.35,0.0,52.65,11.1,0.0,86.6,IL,225.0
211000010260000,472.7,447.6,920.3,55716.0,12555.89,79.4,0.0,0.0,47.07,3.1,52.93,5.5,0.0,90.3,IL,1026.9
211000020260000,488.6,462.2,950.8,71307.0,12003.98,77.7,1.3,8.5,47.99,2.3,52.01,9.7,0.4,77.9,IL,3545.85
211000030260000,447.5,394.6,842.1,55200.0,10989.68,71.4,0.0,0.0,46.93,0.0,53.07,2.7,0.0,95.8,IL,477.25
211000040260000,483.4,456.1,939.5,60912.0,11887.34,90.5,0.6,5.1,47.05,3.2,52.95,8.2,0.0,82.6,IL,2242.2
211000050260000,527.7,499.3,1027.0,58733.0,9940.59,92.6,2.4,3.6,46.92,5.6,53.08,6.0,0.0,82.4,IL,2334.76
240320010260000,499.7,509.7,1009.4,69002.0,15225.68,94.9,0.5,0.5,46.78,10.0,53.22,2.2,0.0,86.2,IL,2022.155
240320730170000,475.3,465.0,940.3,56705.0,17589.79,84.5,0.0,0.0,50.34,7.7,49.66,0.0,0.0,91.1,IL,168.5
240321010160000,483.9,480.4,964.3,61865.0,17331.81,86.3,1.3,2.5,48.52,20.3,51.48,3.0,0.0,72.8,IL,909.75
240321110160000,503.0,484.4,987.4,73151.0,13634.71,89.6,1.0,4.4,50.38,20.8,49.62,4.1,0.0,69.6,IL,2875.1
240470180160000,485.9,489.5,975.4,54523.0,24438.06,93.6,0.0,0.0,56.73,8.5,43.27,0.0,0.0,90.9,IL,169.0
240470880260000,452.7,419.6,872.3,59748.0,13880.91,91.3,0.8,9.4,47.6,53.3,52.4,4.4,0.0,32.2,IL,2375.63
240471150260000,501.2,481.2,982.4,60813.0,14294.73,95.5,1.9,7.4,48.46,21.6,51.54,5.1,0.0,63.8,IL,6432.2
240473080260000,502.5,488.7,991.2,76547.0,13201.98,95.7,7.9,10.0,48.47,26.0,51.53,4.5,0.30000000000000004,51.4,IL,16990.22
260290010260000,444.7,393.2,837.9,38882.0,16522.95,88.9,0.0,0.0,44.44,0.0,55.56,0.0,0.0,98.3,IL,287.5
260290020260000,450.8,410.0,860.8,44783.0,14642.79,87.0,0.0,0.0,51.86,3.8,48.14,3.2,0.0,92.9,IL,340.5
260290030260000,457.7,422.3,880.0,43647.0,11900.15,84.6,0.0,0.0,47.99,0.0,52.01,0.0,0.0,94.1,IL,381.05
260290040260000,465.2,420.0,885.2,42563.0,15709.44,75.0,0.0,0.0,47.66,0.0,52.34,0.0,0.0,94.1,IL,240.75
260290660250000,477.6,478.7,956.3,50303.0,11148.74,80.0,0.0,2.4,49.07,2.1,50.93,3.9,0.0,91.0,IL,2143.025
260290970260000,456.9,406.4,863.3,50816.0,13140.02,89.1,0.0,0.0,51.28,0.0,48.72,1.9,0.0,97.3,IL,591.71
260343070160000,454.3,423.1,877.4000000000001,47853.0,13477.45,83.5,0.0,0.0,45.32,3.6,54.68,3.6,0.0,92.3,IL,337.0
260343160260000,487.1,443.6,930.7,42970.0,13919.43,85.2,0.0,0.0,50.96,0.0,49.04,2.4,0.0,95.9,IL,378.5
260343280240000,465.5,443.9,909.4,41684.0,10437.79,96.4,0.0,0.0,48.56,0.0,51.44,6.9,0.0,90.6,IL,565.0
260343370260000,481.5,491.5,973.0,40162.0,14551.79,90.0,0.0,0.0,49.78,0.0,50.22,2.4,0.0,95.4,IL,462.5
260621030260000,461.5,431.3,892.8,42671.0,15869.28,80.6,0.0,0.0,43.95,0.0,56.05,1.9,0.0,97.2,IL,594.0
260621700260000,422.7,412.0,834.7,42705.0,16537.01,61.4,0.0,4.8,46.25,1.6,53.75,4.7,0.0,88.5,IL,590.5
260621850260000,508.4,464.9,973.3,50330.0,13970.9,83.4,2.3,12.4,49.26,4.0,50.74,8.3,0.0,72.7,IL,1903.425
260850050260000,477.1,469.6,946.7,45320.0,12348.69,86.3,0.0,4.1,51.76,3.2,48.24,3.3,0.0,88.8,IL,936.28
280061030220000,412.2,425.0,837.2,55527.0,11580.38,79.4,0.0,0.0,47.11,82.2,52.89,0.0,0.0,13.9,IL,336.85
280063030260000,468.6,460.0,928.6,47747.0,19920.6,83.3,0.0,0.0,48.59,0.0,51.41,0.0,0.0,91.9,IL,185.0
280063400260000,497.4,489.1,986.5,59142.0,14106.54,77.4,0.0,0.0,49.1,5.9,50.9,3.2,0.0,90.0,IL,925.5
280065000150000,483.8,454.0,937.8,71757.0,14855.0,91.6,0.0,0.0,49.68,5.0,50.32,2.0,0.0,90.8,IL,488.75
280065020170000,460.7,455.5,916.2,63969.0,16089.69,85.2,0.0,0.0,42.93,27.5,57.07,2.6,0.0,68.3,IL,378.765
280372230260000,492.8,504.8,997.6,56860.0,10669.97,89.6,0.0,0.0,46.65,2.4,53.35,2.0,0.0,94.5,IL,982.0
280372240260000,493.3,479.3,972.6,46761.0,12772.1,69.2,0.0,0.0,52.82,3.7,47.18,3.0,0.0,91.6,IL,477.5
280372250260000,494.7,435.8,930.5,59312.0,15832.34,97.0,0.0,0.0,48.76,0.0,51.24,4.7,0.0,93.4,IL,364.0
280372260260000,456.4,462.1,918.5,50489.0,13202.63,95.5,0.0,0.0,44.32,0.0,55.68,7.2,0.0,89.8,IL,324.0
280372270260000,514.6,465.7,980.3,52744.0,12390.83,93.3,0.0,0.0,50.11,0.0,49.89,0.0,0.0,98.2,IL,458.0
280372280260000,520.7,503.1,1023.8000000000001,57121.0,11216.73,94.2,0.7,0.7,48.74,5.7,51.26,3.0,0.0,89.6,IL,2433.745
280372290260000,441.5,420.8,862.3,50074.0,12313.66,77.2,0.0,8.1,49.31,21.0,50.69,6.1,0.0,64.3,IL,1954.5
280372300260000,482.0,449.3,931.3,49200.0,11877.7,92.3,0.0,1.9,50.0,15.5,50.0,7.7,0.0,73.4,IL,500.15
280881000260000,462.3,454.2,916.5,49209.0,12833.95,89.1,0.0,1.5,49.86,2.6,50.14,2.0,0.0,92.9,IL,654.31
300020010220000,390.0,356.4,746.4,50771.0,22487.38,80.0,0.0,81.2,52.98,0.0,47.02,11.4,0.0,7.0,IL,286.0
300020050260000,461.6,436.5,898.1,47261.0,16861.06,89.5,0.0,10.5,50.13,0.0,49.87,9.4,0.0,80.1,IL,347.25
300391650160000,485.9,470.8,956.7,69181.0,18874.19,80.5,4.6,28.6,50.41,10.4,49.59,6.7,0.0,49.7,IL,926.38
300391760260000,481.1,442.9,924.0,50686.0,15700.29,84.9,0.0,0.0,49.65,13.3,50.35,1.4,0.0,85.3,IL,815.1
300391860260000,469.6,455.5,925.1,56852.0,13554.2,78.8,0.0,17.5,47.64,7.9,52.36,8.3,0.0,66.0,IL,1910.85
300391960260000,457.9,420.0,877.9,42913.0,13800.52,69.0,0.0,2.6,46.84,3.9,53.16,3.9,0.0,89.5,IL,385.37
300731010160000,477.3,481.4,958.7,55175.0,12464.49,90.2,0.0,0.0,45.69,0.0,54.31,2.5,0.0,96.1,IL,424.75
300733000260000,432.9,405.1,838.0,56443.0,12213.53,83.3,0.0,5.0,49.85,2.3,50.15,8.3,0.0,83.8,IL,1363.75
300771000260000,438.3,410.3,848.6,46499.0,16332.33,96.8,0.0,9.5,48.96,0.0,51.04,5.8,0.0,83.0,IL,345.375
300771010260000,420.3,389.7,810.0,50785.0,23703.94,66.0,0.0,52.2,51.74,0.0,48.26,10.7,0.0,36.1,IL,446.0
300910170220000,462.0,445.8,907.8,48902.0,14820.78,85.1,0.0,0.0,48.39,27.6,51.61,2.2,0.0,70.0,IL,472.0
300910660220000,444.7,415.3,860.0,43413.0,13724.02,73.3,0.0,0.0,51.49,4.2,48.51,0.0,0.0,92.0,IL,240.5
300910810160000,460.3,437.7,898.0,63989.0,14043.72,86.3,0.0,2.0,47.48,7.1,52.52,2.0,0.0,87.9,IL,517.6
300910840260000,442.8,423.3,866.1,47939.0,13381.69,65.2,0.0,0.0,46.67,0.0,53.33,0.0,0.0,96.7,IL,276.5
310450460220000,454.6,441.1,895.7,75748.0,14953.33,85.5,8.5,6.2,48.96,56.4,51.04,3.3,1.2000000000000002,24.4,IL,35331.9
310451010220000,533.5,531.5,1065.0,83322.0,17619.57,93.3,2.6,4.1,48.16,12.4,51.84,3.3,0.0,77.3,IL,5122.125
310451290220000,459.8,442.9,902.7,71176.0,15696.7,89.0,3.4,10.8,48.76,61.3,51.24,2.5,0.30000000000000004,21.6,IL,11082.6
310451310220000,422.4,407.3,829.7,73030.0,17511.11,86.6,0.6,7.2,48.68,87.7,51.32,1.4,0.5,2.6,IL,12681.95
310453000260000,485.8,472.9,958.7,66125.0,13900.53,95.9,5.3,4.9,48.75,41.4,51.25,3.5,0.30000000000000004,44.6,IL,20333.0
310453010260000,527.3,526.5,1053.8,60394.0,12453.51,96.2,13.3,2.1,47.1,18.7,52.9,3.9,0.0,61.8,IL,4651.9
310453020260000,500.1,493.4,993.5,72421.0,17006.64,93.9,1.9,2.3,48.4,14.0,51.6,3.7,0.0,77.9,IL,3900.25
310453030260000,538.7,539.7,1078.4,72057.0,16632.61,92.8,7.5,1.4,48.5,13.6,51.5,3.9,0.5,73.2,IL,11652.66
310453040260000,549.1,548.1,1097.2,77628.0,16896.19,97.0,4.1,0.9,47.86,9.7,52.14,1.7,0.0,83.4,IL,5093.5
320380030260000,451.3,447.5,898.8,49273.0,17664.0,100.0,0.0,0.0,47.22,7.5,52.78,0.0,0.0,88.4,IL,266.75
320380040260000,492.2,459.6,951.8,49452.0,13214.73,83.3,0.0,0.0,49.9,7.3,50.1,3.1,0.0,89.1,IL,941.65
320380060260000,467.7,445.0,912.7,47791.0,13230.1,100.0,0.0,0.0,49.64,5.7,50.36,0.0,0.0,92.0,IL,254.75
320380090260000,467.4,455.3,922.7,58780.0,15116.26,84.7,0.0,1.9,46.32,12.8,53.68,2.7,0.0,81.6,IL,868.265
320380100260000,450.4,433.9,884.3,47689.0,14641.72,94.0,0.0,0.0,47.29,31.6,52.71,3.0,0.0,64.4,IL,877.5
320381240260000,484.9,478.4,963.3,57299.0,16319.2,87.2,0.0,2.0,44.29,4.5,55.71,4.5,0.0,88.6,IL,508.78
320460010260000,458.6,435.4,894.0,53436.0,15272.46,82.3,0.0,14.6,49.7,31.4,50.3,4.0,0.0,49.4,IL,965.0
320460020260000,484.6,496.5,981.1,50591.0,12957.05,95.2,0.0,0.6,48.38,2.6,51.62,2.8,0.0,93.5,IL,1692.92
320460050260000,476.8,455.5,932.3,48609.0,11650.93,90.9,0.7,2.1,48.04,9.2,51.96,4.2,0.0,83.3,IL,1875.14
320460060260000,498.6,460.0,958.6,49705.0,13550.42,92.6,0.0,0.0,51.32,6.9,48.68,10.0,0.0,83.1,IL,439.005
320461110250000,422.1,401.2,823.3,57290.0,13798.85,61.0,0.5,47.4,49.41,31.4,50.59,2.9,0.0,17.7,IL,4800.475
320463020160000,457.7,434.6,892.3,62511.0,24390.65,92.0,0.0,25.6,41.94,29.4,58.06,10.0,0.0,34.4,IL,193.25
320463070160000,483.2,455.1,938.3,66576.0,14012.24,88.5,1.7,9.7,47.58,15.3,52.42,5.0,0.0,68.1,IL,1944.5
330362350260000,441.4,386.9,828.3,47027.0,11643.71,83.6,0.0,0.0,47.18,2.6,52.82,3.7,0.0,92.9,IL,762.0
330482020260000,462.4,451.8,914.2,55431.0,13105.77,76.7,0.0,0.0,49.01,3.9,50.99,3.8,0.0,91.9,IL,957.55
330482050260000,457.6,434.5,892.1,61814.0,11948.96,83.3,0.3,17.5,48.88,11.4,51.12,13.6,0.0,57.2,IL,3877.19
330482080260000,468.6,430.2,898.8,52707.0,13446.68,88.7,0.0,0.0,48.21,4.8,51.79,2.4,0.0,92.1,IL,624.0
330482100260000,481.3,436.3,917.6,58427.0,18189.14,100.0,0.0,0.0,47.12,0.0,52.88,0.0,0.0,93.7,IL,278.175
330482760260000,457.7,401.4,859.0999999999999,48292.0,12936.98,84.6,0.0,0.0,48.95,5.4,51.05,5.4,0.0,87.9,IL,897.0
330664040260000,469.6,457.9,927.5,54968.0,13095.96,89.0,0.0,0.9,49.19,2.0,50.81,3.0,0.0,93.1,IL,1245.95
330942380260000,453.4,437.3,890.7,47796.0,11607.75,80.8,3.8,4.4,49.88,27.6,50.12,5.6,0.0,58.2,IL,1583.6
330943040260000,465.6,455.2,920.8,51200.0,13130.5,84.3,0.0,0.0,49.74,5.3,50.26,3.8,0.0,89.2,IL,960.07
340490600260000,418.6,402.4,821.0,69289.0,18194.72,74.0,1.3,12.8,48.16,80.1,51.84,1.9,0.9,3.0,IL,13924.7
340490950260000,560.4,546.2,1106.6,79365.0,16198.53,96.2,9.4,1.1,48.84,8.4,51.16,2.5,0.6,77.8,IL,5498.95
340491130170000,564.5,560.5,1125.0,121689.0,30364.96,94.2,3.6,1.6,48.36,18.0,51.64,3.3,0.0,73.4,IL,3354.0
340491150160000,571.3,570.0,1141.3,119336.0,31533.82,98.1,4.5,1.7,49.44,9.5,50.56,5.0,0.0,79.1,IL,1455.335
340491160260000,434.9,417.9,852.8,73774.0,18162.21,86.7,1.0,7.6,48.25,78.0,51.75,2.3,0.4,10.6,IL,6459.45
340491170160000,501.9,486.4,988.3,68630.0,21223.34,94.5,3.0,3.9,48.65,14.0,51.35,2.9,0.0,75.8,IL,2596.71
340491180260000,502.6,478.4,981.0,73058.0,16491.36,87.4,3.1,1.5,46.93,30.9,53.07,3.7,0.0,60.7,IL,4211.05
340491200130000,497.7,477.3,975.0,99178.0,18961.0,91.0,4.8,2.1,48.92,47.6,51.08,6.0,0.0,39.4,IL,2212.0
340491210170000,497.9,483.4,981.3,99907.0,17223.93,93.3,10.5,11.2,49.44,36.9,50.56,4.4,0.6,36.4,IL,3830.56
340491240160000,474.5,472.4,946.9,69811.0,17482.67,87.4,4.8,4.8,49.1,29.5,50.9,4.4,0.0,56.1,IL,1820.925
340491250130000,599.1,615.8,1214.9,110692.0,22836.91,96.2,37.6,2.0,49.62,8.2,50.38,2.8,0.0,49.0,IL,4385.955
340491260170000,438.7,410.9,849.5999999999999,67656.0,18123.28,87.5,1.6,27.2,49.84,51.9,50.16,4.2,1.3,13.8,IL,2539.859
340491270160000,526.7,505.6,1032.3000000000002,83651.0,22208.16,91.1,6.5,5.5,47.8,26.9,52.2,5.1,0.0,55.7,IL,2671.1
340491280160000,564.1,564.4,1128.5,118138.0,26490.23,94.5,14.7,2.1,48.37,11.8,51.63,4.2,0.0,66.8,IL,3362.5
340491870260000,404.6,387.8,792.4000000000001,57352.0,19417.9,82.4,0.6,32.4,49.15,47.9,50.85,5.2,2.1,11.8,IL,3438.625
340492200260000,549.6,547.9,1097.5,87363.0,19443.32,94.7,17.1,1.6,49.8,18.3,50.2,4.1,0.3,58.6,IL,8108.0
350500010260000,425.0,419.0,844.0,50893.0,16048.0,85.7,0.0,0.0,45.23,13.0,54.77,0.0,0.0,86.6,IL,242.5
350500020260000,469.3,438.7,908.0,69645.0,18361.07,84.0,0.0,0.0,49.23,9.6,50.77,3.0,0.0,84.6,IL,628.02
350500090260000,447.2,439.2,886.4,50584.0,16519.74,92.1,0.0,0.0,50.53,13.3,49.47,3.2,0.0,83.2,IL,371.0
350500400170000,460.7,429.7,890.4,73489.0,13459.45,79.0,0.0,4.8,52.29,20.3,47.71,5.9,0.0,68.6,IL,798.64
350501200170000,477.7,442.3,920.0,61602.0,15729.83,80.7,1.0,3.3,49.75,18.8,50.25,4.0,0.0,72.6,IL,1183.07
350501400170000,472.6,440.3,912.9000000000001,63030.0,16150.42,77.6,0.0,2.4,48.37,15.6,51.63,3.4,0.0,77.6,IL,1243.075
350501600170000,482.7,464.4,947.0999999999999,86626.0,30750.46,91.2,0.0,0.0,46.49,9.4,53.51,0.0,0.0,88.8,IL,381.0
350502800170000,469.8,469.9,939.7,69253.0,17266.9,86.5,0.0,0.0,47.26,42.9,52.74,4.8,0.0,50.9,IL,490.8
350590050260000,475.0,448.3,923.3,51948.0,13549.81,78.8,0.0,0.0,51.02,3.3,48.98,0.0,0.0,94.8,IL,525.0
350590070260000,455.0,439.3,894.3,46121.0,7435.53,94.6,0.0,0.0,48.72,5.1,51.28,0.0,0.0,93.2,IL,673.08
350785350260000,484.2,467.0,951.2,53184.0,15537.69,89.7,0.0,0.0,46.96,12.3,53.04,0.0,0.0,86.0,IL,756.6
390550010260000,448.9,430.2,879.0999999999999,49916.0,11937.22,83.8,1.4,3.5,47.1,4.7,52.9,7.6,0.0,82.6,IL,928.0
390550020260000,510.8,471.5,982.3,53844.0,10289.76,95.9,9.8,4.3,48.58,1.8,51.42,2.9,0.0,80.7,IL,1169.75
390550030260000,515.1,503.5,1018.6,61567.0,9556.6,93.8,1.2,2.0,46.99,2.0,53.01,2.9,0.0,91.6,IL,2385.75
390550090260000,456.6,451.4,908.0,55774.0,13464.35,88.9,0.0,0.0,47.2,1.6,52.8,2.3,0.0,93.6,IL,648.465
390550110260000,506.0,442.6,948.6,59977.0,9903.74,92.0,1.3,3.0,48.29,3.5,51.71,6.0,0.0,86.1,IL,984.5
390550150260000,469.0,446.9,915.9,52706.0,9775.98,92.2,0.0,0.0,49.74,2.2,50.26,3.4,0.0,93.1,IL,959.205
390550610250000,426.9,399.7,826.5999999999999,54438.0,15521.68,69.8,1.0,49.0,48.62,4.9,51.38,13.7,0.2,31.1,IL,7898.74
390740050260000,439.1,399.6,838.7,43385.0,13717.38,78.6,0.0,0.0,52.38,0.0,47.62,5.3,0.0,89.8,IL,288.5
390740250260000,511.3,482.4,993.7,53473.0,10727.57,98.4,1.1,1.8,48.83,1.3,51.17,2.2,0.0,93.6,IL,1611.5
390740570260000,501.4,447.9,949.3,46068.0,18523.24,87.5,0.0,0.0,50.87,0.0,49.13,0.0,0.0,89.3,IL,174.69
390741000260000,476.4,455.3,931.7,51264.0,12750.25,92.7,0.0,0.0,50.43,0.0,49.57,2.7,0.0,93.7,IL,453.78
400070400260000,454.7,451.4,906.0999999999999,43250.0,12087.18,80.0,0.0,0.0,46.36,0.0,53.64,3.5,0.0,95.5,IL,502.0
400070420260000,541.3,519.3,1060.6,45960.0,17571.63,100.0,0.0,0.0,56.7,0.0,43.3,0.0,0.0,92.5,IL,109.705
400310010260000,454.0,471.1,925.1,44440.0,12142.6,87.3,0.0,0.0,51.63,4.1,48.37,2.0,0.0,93.7,IL,502.25
400310030260000,429.2,410.2,839.4,41661.0,11595.52,82.7,0.0,0.0,48.2,1.3,51.8,2.3,0.0,95.7,IL,829.675
400310100260000,478.4,444.8,923.2,52649.0,13579.9,90.6,0.0,0.0,49.88,0.0,50.12,0.0,0.0,97.3,IL,399.245
400421000260000,470.1,461.6,931.7,63148.0,12499.44,87.3,0.5,0.8,49.55,2.1,50.45,2.6,0.0,93.7,IL,2437.565
400560010260000,501.1,469.1,970.2,60488.0,11560.93,77.5,0.0,1.0,46.34,1.7,53.66,4.5,0.0,92.2,IL,1279.745
400560020260000,428.6,413.2,841.8,45026.0,16156.28,86.4,0.0,0.0,43.57,0.0,56.43,0.0,0.0,98.5,IL,315.75
400560050260000,492.1,417.1,909.2,58454.0,14312.13,100.0,0.0,0.0,47.83,0.0,52.17,2.5,0.0,97.0,IL,460.62
400560060260000,484.4,463.7,948.0999999999999,62997.0,9463.24,85.9,0.0,0.0,46.13,2.3,53.87,2.5,0.0,94.1,IL,1228.85
400560070260000,474.5,449.3,923.8,62471.0,12833.18,81.4,0.0,0.9,45.18,0.9,54.82,2.0,0.0,95.4,IL,1110.7
400560080260000,450.5,423.1,873.6,57727.0,11996.49,92.5,0.0,0.0,44.97,2.6,55.03,4.5,0.0,91.0,IL,558.525
400560090260000,480.8,483.6,964.4000000000001,58543.0,11744.09,77.1,0.0,1.4,48.68,1.5,51.32,1.6,0.0,94.8,IL,1230.5
400560340260000,473.8,441.4,915.2,50814.0,13943.75,76.1,0.0,0.9,48.4,2.6,51.6,3.7,0.0,92.5,IL,1141.49
410570010260000,447.3,430.6,877.9000000000001,74820.0,14824.05,85.7,0.0,4.4,47.46,3.0,52.54,5.3,0.0,86.3,IL,1681.54
410570020260000,505.3,502.0,1007.3,62459.0,9485.34,95.9,0.7,1.7,48.28,2.0,51.72,3.1,0.0,92.3,IL,4012.0
410570050260000,489.5,487.4,976.9,57731.0,10805.7,92.6,1.6,1.2,49.54,0.5,50.46,0.4,0.7,95.3,IL,2828.0
410570070260000,523.8,511.0,1034.8,57895.0,10986.73,93.0,2.6,7.5,48.82,4.4,51.18,6.4,0.3,78.8,IL,7253.84
410570080260000,475.8,455.5,931.3,61130.0,12659.18,92.4,0.0,3.3,50.97,3.6,49.03,4.5,0.0,88.2,IL,2358.1
410570090260000,431.9,410.0,841.9,70811.0,14869.47,74.1,0.6,18.1,48.14,13.2,51.86,6.0,0.6,61.4,IL,5728.0
410570100260000,464.5,449.5,914.0,63587.0,11710.05,87.3,0.5,13.8,47.25,26.0,52.75,5.5,0.4,53.8,IL,6053.79
410570110260000,468.3,454.0,922.3,57534.0,12872.44,72.3,0.6,30.3,47.98,4.2,52.02,11.9,0.0,52.9,IL,5797.55
410570120260000,397.1,360.3,757.4000000000001,50386.0,18205.09,83.3,0.0,89.8,47.64,4.6,52.36,2.0,0.0,3.6,IL,678.82
410570140160000,444.2,418.3,862.5,61233.0,15396.73,87.6,0.0,8.9,49.72,3.6,50.28,5.3,0.0,81.8,IL,550.5
440630120260000,493.3,483.2,976.5,62979.0,16103.67,90.5,0.7,1.1,47.86,9.6,52.14,2.8,0.0,85.7,IL,1651.06
440630190240000,457.1,441.4,898.5,53760.0,15470.63,72.7,0.0,0.0,47.26,22.6,52.74,0.0,0.0,76.2,IL,403.3
440630500260000,441.0,421.3,862.3,53180.0,14195.53,71.9,0.0,1.0,48.61,70.5,51.39,1.6,0.0,26.5,IL,2566.54
440631540160000,496.3,493.0,989.3,76641.0,17359.47,85.8,0.0,0.0,46.86,26.3,53.14,1.8,0.0,70.2,IL,655.03
440631550160000,512.2,501.9,1014.1,101557.0,17825.95,96.3,2.9,1.9,47.77,19.3,52.23,0.7,0.4,74.8,IL,5554.39
440631560160000,472.7,459.6,932.3,74535.0,15902.51,92.4,1.4,1.2,49.12,23.4,50.88,0.5,0.0,73.2,IL,2159.84
440631570160000,514.5,515.1,1029.6,73300.0,21676.34,94.0,0.0,0.0,50.27,11.9,49.73,2.5,0.0,83.0,IL,566.25
440631580220000,529.7,534.2,1063.9,65315.0,12793.25,96.4,7.2,2.9,49.19,14.6,50.81,3.3,1.0,71.1,IL,8701.0
440632000260000,507.1,482.2,989.3,65901.0,14146.6,92.0,2.2,4.2,49.16,36.0,50.84,1.4,0.5,55.9,IL,6128.125
450670030260000,472.3,446.3,918.6,46586.0,13277.17,92.3,0.0,0.0,46.48,2.9,53.52,0.0,0.0,95.7,IL,343.875
450670040260000,515.1,516.8,1031.9,59226.0,9908.54,95.8,1.2,0.6,47.84,3.5,52.16,2.4,0.0,92.1,IL,1961.5
450670050260000,508.3,510.5,1018.8,54015.0,10865.22,90.7,0.0,0.0,48.41,2.4,51.59,2.3,0.0,94.7,IL,2706.37
450790010220000,467.1,450.7,917.8,50864.0,12524.1,85.7,0.0,7.8,54.84,0.0,45.16,0.0,0.0,88.1,IL,220.0
450791320260000,488.8,478.2,967.0,55723.0,11208.94,88.8,0.0,0.0,49.22,3.1,50.78,2.3,0.0,93.6,IL,1003.7
450791380260000,438.8,437.9,876.7,50047.0,11280.34,97.8,0.0,0.0,46.15,0.0,53.85,3.8,0.0,92.6,IL,397.34
450791390260000,449.3,419.7,869.0,52613.0,11349.34,89.4,0.0,0.0,47.18,12.8,52.82,3.5,0.0,82.7,IL,919.0
450791400260000,443.5,437.6,881.1,46899.0,14173.45,79.5,0.0,13.9,46.8,4.1,53.2,7.4,0.0,74.3,IL,1177.6
470521700220000,464.1,445.0,909.1,59177.0,12208.18,86.2,0.8,3.5,49.32,6.0,50.68,9.7,0.0,79.7,IL,2533.55
470522720260000,468.1,458.8,926.9000000000001,48993.0,15709.66,92.5,0.0,0.0,48.95,8.9,51.05,1.4,0.0,88.2,IL,716.75
470522750260000,459.4,431.7,891.0999999999999,56824.0,12396.38,89.7,0.0,0.0,49.68,6.4,50.32,4.3,0.0,88.2,IL,487.86
470712120170000,457.8,455.4,913.2,65172.0,15225.99,85.3,0.0,1.7,47.56,38.8,52.44,1.2,0.0,57.2,IL,879.0
470712200260000,478.2,447.4,925.5999999999999,60743.0,14666.14,97.8,0.0,0.8,49.69,11.2,50.31,3.3,0.0,83.7,IL,1353.65
470712210260000,471.6,478.5,950.1,58476.0,12126.84,93.2,0.0,0.0,49.07,4.1,50.93,7.0,0.0,87.7,IL,741.75
470712220260000,502.6,472.1,974.7,58766.0,12993.37,87.0,0.0,0.0,50.76,5.2,49.24,7.9,0.0,85.7,IL,556.065
470712230260000,495.3,466.8,962.1,58433.0,13243.94,89.0,0.0,1.2,48.63,12.0,51.37,2.6,0.0,83.9,IL,1438.055
470712260260000,504.6,499.3,1003.9000000000001,77130.0,15655.78,95.6,0.0,0.0,47.98,6.9,52.02,4.1,0.0,87.6,IL,1475.12
470980010260000,492.4,466.2,958.5999999999999,66297.0,20709.81,94.9,0.0,0.0,49.83,4.5,50.17,2.1,0.0,92.6,IL,624.38
470980020260000,498.4,472.9,971.3,51604.0,11573.63,95.3,0.0,0.0,46.5,2.4,53.5,5.4,0.0,91.1,IL,908.0
470980030260000,505.5,451.6,957.1,51656.0,12690.53,93.8,0.0,1.5,44.5,3.6,55.5,4.9,0.0,89.8,IL,738.245
470980050260000,456.2,451.8,908.0,55695.0,11647.97,87.8,0.8,2.1,49.02,35.1,50.98,6.4,0.0,55.4,IL,3173.295
470980060260000,493.8,458.6,952.4000000000001,58106.0,12357.55,90.6,0.0,0.0,49.8,7.4,50.2,2.7,0.0,88.6,IL,952.0
470983010170000,486.0,451.5,937.5,73084.0,15147.59,96.1,0.0,2.7,50.53,22.2,49.47,3.9,0.0,70.4,IL,576.38
480721500250000,430.0,410.3,840.3,65661.0,14760.94,80.2,1.0,57.0,47.99,12.6,52.01,9.4,0.5,19.5,IL,12630.25
480722650260000,476.0,479.4,955.4,52220.0,11943.0,76.9,0.0,0.0,49.01,2.0,50.99,3.5,0.0,93.6,IL,1188.805
480723090260000,530.7,528.7,1059.4,52272.0,11310.55,97.9,0.0,0.0,46.67,0.0,53.33,1.6,0.0,95.9,IL,629.0
480723100160000,464.9,439.9,904.8,63210.0,16217.85,74.9,0.0,10.9,46.85,5.8,53.15,6.8,0.0,75.5,IL,934.92
480723210260000,499.2,477.1,976.3,50319.0,9983.67,89.9,0.5,1.4,46.22,4.8,53.78,4.3,0.0,88.9,IL,2032.35
480723220260000,537.3,502.8,1040.1,56723.0,10564.24,83.3,0.0,0.0,48.93,1.9,51.07,4.0,0.0,93.6,IL,625.8
480723230260000,558.6,564.2,1122.8000000000002,60738.0,9908.2,94.3,22.8,7.6,47.19,4.0,52.81,5.5,0.3,59.7,IL,4616.825
480723250260000,441.4,430.0,871.4,50015.0,14673.81,81.6,0.0,18.2,46.6,6.4,53.4,13.4,0.0,61.6,IL,704.525
480723260260000,503.1,506.5,1009.6,60187.0,13293.72,94.9,0.0,0.0,45.08,9.8,54.92,2.5,0.0,85.6,IL,673.0
480723270260000,491.3,494.9,986.2,49374.0,11782.88,78.0,0.0,0.0,48.55,2.8,51.45,3.5,0.0,92.4,IL,850.39
490810300170000,436.6,425.5,862.1,72724.0,12157.14,90.5,1.9,18.4,47.9,27.3,52.1,3.4,0.0,48.4,IL,1724.4
490810400220000,470.0,447.2,917.2,74160.0,12919.7,87.7,3.3,11.0,49.56,30.1,50.44,7.4,0.2,47.9,IL,7171.88
490810410250000,440.3,414.7,855.0,75165.0,13698.01,78.7,6.7,32.1,48.4,15.2,51.6,9.0,0.2,36.7,IL,6063.05
490811000260000,502.2,481.0,983.2,51797.0,10404.59,95.1,0.0,0.0,47.85,6.0,52.15,2.4,0.0,90.5,IL,1079.64
490812000260000,481.0,465.3,946.3,53043.0,11731.64,92.3,0.0,0.0,50.11,6.3,49.89,3.1,0.0,89.8,IL,1335.3
490813000260000,483.7,468.1,951.8,58867.0,9971.94,87.0,0.0,0.0,50.19,1.8,49.81,2.5,0.0,95.2,IL,1039.215
500820090260000,485.4,445.0,930.4,56911.0,12297.36,75.0,0.0,16.6,48.18,5.0,51.82,9.2,0.0,67.1,IL,506.25
500820190260000,526.9,517.3,1044.1999999999998,56683.0,10743.79,87.6,1.8,10.4,47.16,10.0,52.84,8.5,0.8,68.6,IL,4112.305
500820400260000,433.0,446.5,879.5,49442.0,15225.73,87.5,0.0,0.0,48.97,3.6,51.03,4.0,0.0,91.1,IL,520.37
500820600260000,490.3,448.1,938.4000000000001,51578.0,11121.94,75.7,0.0,0.0,52.02,0.0,47.98,0.0,0.0,96.5,IL,490.67
500820770160000,518.8,498.9,1017.6999999999999,61027.0,11139.77,96.1,0.0,0.0,49.19,2.8,50.81,1.5,0.0,93.8,IL,703.325
500821870260000,410.3,385.0,795.3,60675.0,19398.95,65.2,0.0,88.6,49.76,1.9,50.24,4.9,0.0,4.4,IL,3152.0
500821890220000,390.0,371.4,761.4,71959.0,24448.7,71.1,0.0,96.8,48.77,1.6,51.23,0.5,0.0,1.0,IL,4709.54
500821960260000,448.6,424.3,872.9000000000001,50712.0,14615.47,80.3,0.0,6.5,47.07,4.0,52.93,6.7,0.0,82.5,IL,913.1
500822010170000,473.4,456.1,929.5,77943.0,17401.92,91.0,1.2,45.3,48.15,4.9,51.85,4.5,0.3,43.7,IL,4722.75
500822030170000,518.9,501.9,1020.8,66747.0,11963.49,91.9,1.9,22.4,48.63,7.0,51.37,8.2,0.0,60.3,IL,2497.5
510652020260000,479.4,472.6,952.0,50479.0,15277.3,75.9,0.0,0.0,46.96,0.0,53.04,3.7,0.0,94.5,IL,1003.5
510652130260000,485.7,456.3,942.0,48747.0,11427.74,86.7,0.0,1.6,50.64,1.9,49.36,4.1,0.0,91.8,IL,1008.5
510840010260000,450.8,419.2,870.0,48267.0,10900.92,88.1,0.0,0.0,46.27,1.9,53.73,3.9,0.0,92.5,IL,568.5
51084003A260000,503.0,478.9,981.9,55498.0,10134.86,94.7,1.7,1.9,49.28,1.3,50.72,3.9,0.0,91.0,IL,2114.5
510840050260000,519.2,498.3,1017.5,55930.0,10386.38,92.6,5.4,6.1,48.92,4.1,51.08,7.3,0.0,76.9,IL,4595.025
510840080260000,485.9,470.6,956.5,72531.0,11908.27,92.1,0.0,2.2,51.36,1.6,48.64,1.7,0.0,92.8,IL,1256.25
510840100260000,494.7,450.9,945.5999999999999,47632.0,10627.84,86.3,0.0,0.0,44.97,2.3,55.03,6.3,0.0,90.7,IL,1167.75
510840110260000,466.6,426.3,892.9000000000001,53481.0,13217.94,78.3,0.0,0.0,46.43,0.0,53.57,2.2,0.0,94.8,IL,532.5
510840140260000,465.6,441.6,907.2,54320.0,14881.85,82.8,0.0,5.9,47.48,1.7,52.52,4.4,0.0,86.8,IL,1258.25
510840150260000,517.7,484.7,1002.4000000000001,55562.0,9827.91,96.3,0.9,0.0,47.32,1.2,52.68,3.3,0.0,94.0,IL,1468.495
510840160260000,480.5,485.6,966.1,53684.0,13748.34,88.0,0.0,1.2,46.23,1.9,53.77,2.5,0.0,94.1,IL,857.5
510841860250000,459.3,441.2,900.5,73386.0,18954.12,68.6,2.6,43.2,47.97,3.4,52.03,12.9,0.30000000000000004,37.7,IL,13072.75
530601260260000,478.7,461.5,940.2,53763.0,12303.36,81.7,0.0,0.0,48.97,1.9,51.03,3.0,0.0,94.5,IL,875.5
530601890260000,486.3,441.6,927.9000000000001,46458.0,14416.59,86.3,0.0,0.0,47.0,2.4,53.0,2.6,0.0,94.3,IL,652.17
530601910260000,472.4,445.4,917.8,52585.0,12441.7,81.1,0.0,0.0,50.4,1.2,49.6,1.4,0.0,96.1,IL,870.445
530903030160000,471.4,471.1,942.5,54027.0,14000.72,88.0,1.2,0.6,46.38,3.7,53.62,3.9,0.0,90.4,IL,1781.15
530903080160000,528.4,525.5,1053.9,66808.0,12244.47,86.5,1.5,1.8,47.98,4.4,52.02,4.7,0.0,87.3,IL,1461.125
530903090160000,470.4,448.3,918.7,62719.0,14750.05,84.0,0.0,2.5,50.16,6.6,49.84,7.0,0.0,83.2,IL,937.46
530907010260000,492.1,457.4,949.5,50547.0,11246.49,93.6,0.0,0.0,45.23,1.8,54.77,1.2,0.0,95.8,IL,959.535
530907020260000,518.7,499.6,1018.3000000000001,59346.0,12018.15,95.7,0.0,1.4,50.92,3.2,49.08,3.1,0.0,91.9,IL,906.905
530907030260000,427.2,414.4,841.5999999999999,45652.0,13811.85,87.2,0.0,2.8,51.08,0.0,48.92,0.0,0.0,94.2,IL,435.05
530907090260000,520.1,500.7,1020.8,56209.0,11174.6,93.1,1.8,1.8,47.77,3.2,52.23,3.5,0.0,89.6,IL,3182.44
531020060260000,482.5,470.0,952.5,56434.0,18695.05,78.8,0.0,1.8,48.39,6.9,51.61,3.1,0.0,87.2,IL,836.0
531020110260000,508.6,496.4,1005.0,56921.0,12687.46,90.5,0.0,1.7,48.04,4.8,51.96,4.7,0.0,88.7,IL,1195.58
531020210260000,462.9,422.9,885.8,48285.0,15898.27,73.7,0.0,0.0,42.99,0.0,57.01,0.0,0.0,95.3,IL,310.77
531020600260000,502.0,484.7,986.7,54431.0,14134.06,90.2,0.0,0.0,52.85,0.0,47.15,3.2,0.0,94.1,IL,447.185
531021220170000,513.7,517.7,1031.4,74738.0,13700.73,95.0,0.0,1.2,48.74,4.5,51.26,4.3,0.0,89.5,IL,940.075
531021400260000,523.7,515.0,1038.7,61313.0,10833.59,92.6,0.0,0.9,47.71,2.3,52.29,3.1,0.0,93.3,IL,1494.925
540920020260000,450.3,433.3,883.6,44636.0,13192.36,85.3,0.0,1.4,48.75,3.5,51.25,5.5,0.0,89.1,IL,1175.745
540920040260000,458.3,448.5,906.8,48257.0,16372.97,71.1,0.0,2.2,51.03,1.6,48.97,5.5,0.0,90.1,IL,844.7
540920110260000,460.7,442.1,902.8,50268.0,15136.27,90.0,0.0,2.5,50.0,15.1,50.0,7.2,0.0,74.9,IL,1105.8
540920760260000,458.2,462.1,920.3,44147.0,11080.02,72.2,0.0,1.7,50.98,4.8,49.02,2.7,0.0,90.5,IL,869.25
540921180240000,432.5,410.3,842.8,61248.0,17493.23,67.5,0.6,45.5,48.82,9.7,51.18,11.6,0.4,32.1,IL,4689.39
540922250170000,472.2,460.8,933.0,64964.0,13648.85,83.3,0.0,0.0,49.63,0.0,50.37,0.0,0.0,91.9,IL,71.45
540925120260000,462.7,449.6,912.3,54235.0,13395.8,88.0,0.0,0.0,47.05,1.9,52.95,2.2,0.0,93.9,IL,859.0
56099200U260000,489.4,447.4,936.8,69328.0,15234.5,93.0,1.0,3.5,48.75,22.7,51.25,2.4,0.0,70.3,IL,1057.875
56099201U260000,442.2,414.7,856.9,65157.0,16994.41,90.6,0.7,61.0,48.45,17.0,51.55,5.4,0.0,15.7,IL,4378.75
560992020220000,496.8,488.6,985.4000000000001,60940.0,11993.28,93.8,7.3,12.5,48.59,25.1,51.41,4.4,0.4,50.4,IL,25152.5
560992040170000,454.5,437.5,892.0,82054.0,15769.42,80.1,0.8,18.8,49.94,56.1,50.06,2.7,0.2,21.4,IL,6838.3
560992050170000,498.6,492.6,991.2,85572.0,16102.43,92.8,1.8,4.9,48.5,20.5,51.5,2.6,0.0,70.0,IL,3788.35
56099207U260000,488.8,451.1,939.9000000000001,47421.0,14738.0,89.1,0.0,2.0,48.57,11.8,51.43,3.0,0.0,82.4,IL,1269.565
56099209U260000,466.7,451.0,917.7,52864.0,14592.3,95.8,0.0,0.8,48.07,11.7,51.93,3.1,0.0,83.7,IL,1257.0
560992100160000,540.3,545.1,1085.4,91416.0,13516.92,95.5,2.4,4.7,48.64,11.9,51.36,3.0,0.0,77.9,IL,6647.5
56099255U260000,490.7,461.7,952.4,60384.0,16347.77,91.0,0.0,0.0,48.08,10.6,51.92,3.2,0.0,85.3,IL,1354.07
56099365U260000,472.5,463.1,935.6,72536.0,17633.17,89.3,6.4,21.6,48.32,47.2,51.68,4.6,0.30000000000000004,19.9,IL,15144.42
601054280300000,373.9,363.6,737.5,86316.0,93041.72,60.6,0.0,68.6,0.0,0.0,100.0,0.0,0.0,20.0,IL,74.0
651089010800000,571.7,552.9,1124.6,59670.0,,98.7,7.2,4.0,51.96,7.9,48.04,6.8,0.0,74.1,IL,
